asvab,annualearnings,privatecollege,dadcollege,momcollege
44451,20000,0,0,0
62806,85000,1,0,0
59270,50000,0,0,0
45900,12960,1,0,0
44217,,0,0,0
1355,,1,0,1
73429,32000,1,1,1
27471,,1,0,1
56708,80000,1,0,1
69940,42666.668,0,0,0
78892,96666.664,1,0,0
58177,65333.332,0,0,0
44306,,0,0,0
34516,,0,0,1
83765,89333.336,0,1,1
33091,70000,0,0,1
89334,,0,1,1
83789,229778.33,1,1,1
94833,,0,1,1
60424,66000,1,1,1
39585,98333.336,0,0,1
12233,35666.668,0,0,0
99595,258992,0,1,1
92692,258992,0,1,1
79949,91000,1,0,1
40421,201175,1,0,1
98687,235884,0,1,1
90292,108333.34,1,1,1
95254,,1,1,0
85828,99666.664,0,1,0
52600,46333.332,1,1,1
80773,20000,0,1,1
62197,60000,0,0,0
87923,,0,0,0
29631,71666.664,0,1,1
62122,92666.664,1,0,0
43085,87500,0,0,0
58782,73666.664,0,1,1
45199,88333.336,0,1,1
89776,104900,1,1,0
86419,74666.664,1,1,1
56495,93333.336,1,1,0
42366,50666.668,1,1,0
53011,115000,1,0,0
18085,43000,0,0,1
36454,95000,0,0,0
72692,44666.668,0,0,1
64580,229778.33,1,0,0
73369,67666.664,0,0,0
98451,,0,1,0
71838,,0,1,1
36685,,1,0,1
61751,60000,1,1,0
98368,86666.664,1,0,0
48416,70333.336,1,1,1
23765,106666.66,0,0,0
61481,52000,0,0,0
47394,25000,0,0,0
20750,,0,0,0
95143,47500,0,1,1
26658,30000,0,0,1
85233,85000,0,1,1
60488,46333.332,0,0,0
66370,,0,0,0
46187,52500,0,1,1
82821,,1,1,1
30740,13500,1,0,0
68666,70000,1,0,0
94974,92000,1,0,1
6538,81333.336,1,0,1
44976,,0,1,1
52227,49266.668,1,1,0
69845,150000,0,1,0
93560,,0,1,1
26653,63000,0,0,0
95302,101000,1,0,0
92687,130000,0,1,1
91290,,0,1,1
99648,,0,1,1
91323,78333.336,0,1,1
82274,95333.336,0,1,1
51465,51000,0,0,0
74836,,1,0,1
41102,53333.332,0,1,1
28983,,0,0,0
30224,86000,0,0,0
95262,72666.664,1,1,1
82822,65666.664,0,0,0
90977,,1,1,1
98373,43666.668,0,0,1
51088,65000,0,1,1
97225,96000,0,0,0
72046,,0,1,0
70220,74000,1,1,0
29055,25000,0,0,1
49154,100000,0,1,1
75099,105333.34,1,1,1
41546,10500,1,1,0
13143,47500,1,1,1
44322,58333.332,0,0,1
18049,,1,0,0
73176,107666.66,1,0,1
47503,87500,0,1,1
99678,,1,1,1
99018,152817,0,1,1
69945,71000,1,1,1
96022,258992,1,0,0
91394,30666.666,0,1,1
87047,113333.34,1,0,0
97502,78333.336,0,1,1
98909,,1,1,1
54970,,1,1,0
96315,18333.334,0,1,1
26572,45000,0,0,1
73141,54333.332,0,1,1
95668,,0,1,1
93038,65333.332,0,1,1
92824,100000,1,1,1
73102,126666.66,1,1,0
76002,35000,1,1,1
13250,105000,0,0,0
66939,52000,0,1,1
66257,,1,1,1
87904,217030.67,0,1,0
64221,176150.33,0,1,0
92938,36666.668,1,0,0
2943,45000,0,0,0
50894,131666.67,0,1,1
55322,48000,1,1,1
35079,95000,0,1,1
24099,86666.664,0,1,1
55786,,0,0,0
96075,224262.5,1,1,1
97754,18166.666,0,1,1
76746,14000,0,1,1
81017,328451,0,0,1
53442,25000,0,1,1
83262,50000,0,1,1
47090,,1,1,0
14042,49000,0,1,0
72445,74000,0,1,1
49509,31666.666,0,1,1
81082,76333.336,0,1,1
94066,,0,1,1
99147,113294.66,1,1,1
45486,229225.5,0,1,0
37900,,0,0,1
98692,51666.668,1,1,1
85075,258992,1,1,1
93084,115000,1,0,0
56688,,0,0,0
58719,121000,1,0,1
20759,91500,0,1,1
82177,74333.336,1,1,0
99067,31666.666,1,1,0
68139,50000,0,1,1
29819,,0,1,1
89397,100000,0,1,1
14470,258992,1,0,1
75378,68000,0,1,1
43999,86333.336,0,0,0
16840,67500,0,0,0
89970,156961.33,1,1,1
95237,97000,1,1,1
96974,76332.664,1,1,0
27648,33000,0,0,1
51129,53666.668,1,1,1
29364,70333.336,1,0,1
98827,118233.34,0,0,0
47520,63333.332,0,1,1
95644,,1,1,0
75659,92500,1,0,0
94837,63500,1,0,1
24545,41000,1,0,0
80559,163628,1,1,1
99294,212641,1,1,1
64591,50666.668,0,1,1
44559,40000,1,1,1
26462,73333.336,0,0,0
85744,,0,0,1
85523,71333.336,1,1,0
86187,61000,0,0,0
97589,,1,1,0
83906,58666.668,1,1,0
11057,,1,0,1
50407,85333.336,0,0,1
87831,270546,0,0,0
94937,38333.332,1,1,1
19891,80000,1,0,1
56036,56333.332,0,1,1
90950,68333.336,1,1,1
39201,95000,0,1,1
86220,166961.33,1,1,1
93480,33000,0,1,1
92624,206175,0,1,1
44271,59333.332,0,1,1
49811,51666.668,0,1,1
100000,61874,1,1,1
87686,61000,0,1,1
98145,49666.668,1,1,1
80050,58066.668,0,1,1
89933,180483.67,1,1,0
83174,117666.66,1,1,0
87092,83333.336,0,0,1
84853,,0,0,0
86944,86628.336,1,1,1
89647,120000,0,1,1
58640,16166.667,0,1,1
33169,68333.336,0,1,0
93123,100000,0,0,1
74174,85000,1,1,0
88801,103333.34,0,1,1
79563,129000,1,1,1
48055,50000,0,1,1
87617,75666.664,0,1,1
53759,81833.336,1,0,0
37574,50666.668,0,1,1
87685,46666.668,1,1,0
95761,86000,0,1,0
93929,89000,0,0,1
99393,155628,0,1,1
96334,115000,0,1,0
30273,44500,0,0,0
50768,,0,1,0
44213,,0,1,1
96147,45333.332,1,1,1
33549,90000,0,1,1
29013,79666.664,0,0,0
49542,110333.34,0,1,1
55649,63000,0,1,1
96269,99000,1,1,1
80160,72500,1,0,1
98996,98833.336,0,1,1
98598,202841.67,0,1,1
96579,34333.332,0,1,1
73874,74000,1,1,1
81152,71000,0,1,1
49125,41666.668,0,1,1
53833,,0,1,1
95156,102666.66,0,1,0
94937,46000,0,1,1
77556,61000,0,0,1
33987,70000,0,0,0
67222,92666.664,0,0,0
96950,42333.332,0,0,0
88443,108333.34,0,0,0
67730,109880.34,0,0,0
72907,64948.332,0,1,1
52592,44250,0,0,0
75347,28000,0,0,0
95010,258992,0,0,1
49520,28666.666,0,1,1
65921,75000,1,1,1
4667,40000,0,1,1
84682,,0,1,0
67504,60000,0,1,0
100000,153628,1,1,1
51676,,0,0,0
76600,9833.333,0,1,1
73439,87000,1,0,1
81674,34000,1,1,0
52657,85666.664,0,1,0
84828,116666.66,1,1,0
69624,18333.334,0,1,1
79779,328451,0,0,0
85032,107500,1,0,1
84407,13670.667,0,0,0
82197,45000,0,0,0
57315,75000,0,1,0
93284,258992,0,0,1
89436,50000,0,0,1
12621,125000,0,0,0
67243,37666.668,0,0,0
11047,90666.664,0,0,0
83275,31500,0,1,1
93563,282167.5,0,1,1
65276,258992,0,1,1
49034,93500,1,0,1
31027,65102.668,1,0,1
44904,42266.668,1,1,1
34654,57500,1,1,0
49511,44000,1,1,0
78616,49000,1,1,1
92454,65666.664,1,1,1
64358,103000,0,1,1
26230,41000,1,1,1
51759,41000,1,1,1
67046,54500,1,1,1
34967,199508.33,1,1,0
81111,37333.332,1,1,1
70724,86666.664,0,0,0
85409,59501.668,0,1,1
52930,226445,0,1,0
93188,122500,0,1,0
84631,63333.332,1,1,0
56505,28333.334,1,0,1
15403,30512.334,0,0,1
91502,24500,0,1,1
72455,163942,1,1,1
89855,115000,1,1,1
60012,57500,0,1,1
80370,100000,1,1,0
23042,,0,1,1
4562,38333.332,0,1,1
85935,16666.666,1,1,1
73482,,0,1,1
21999,57000,0,1,1
71435,60000,0,0,0
85375,47666.668,0,0,1
89639,84496.664,0,1,1
72831,93333.336,1,1,1
32697,64000,0,0,0
98824,212445,0,0,1
77544,40333.332,1,0,1
25044,64000,0,0,1
67000,51000,0,1,1
95947,80000,0,1,1
40825,45000,0,0,1
72269,67000,1,0,0
79554,108333.34,1,1,1
65402,48833.332,0,1,1
94797,105833.34,0,0,0
15714,43333.332,0,0,0
67068,84666.664,0,1,1
10835,125000,1,0,0
91123,91833.336,1,1,0
82023,77500,0,1,0
21494,140000,0,1,1
100000,258992,0,1,0
65383,57333.332,1,1,1
93136,47000,1,1,1
83550,124000,1,1,1
68947,,0,1,1
64563,,0,1,1
100000,97584,0,1,1
33774,,0,1,1
75919,51500,0,1,1
88577,328451,1,0,1
64541,95000,1,1,1
99668,198445,1,1,1
74078,88500,1,0,1
60600,61666.668,1,1,1
84887,108333.34,1,1,0
97538,,1,1,1
86654,90000,0,1,1
85820,28830.334,1,1,1
68136,60000,1,0,1
27349,125000,0,1,0
47910,113333.34,0,0,0
91337,71333.336,0,0,0
34281,,0,1,1
92476,53333.332,1,1,1
33444,56114.668,0,1,0
64890,22000,1,1,1
10258,25333.334,0,1,1
75942,,1,1,1
80748,69333.336,0,1,1
91840,57333.332,0,1,1
80143,59666.668,0,0,0
85360,64000,1,0,0
96270,23000,1,1,1
99249,42324.668,1,1,1
89762,123333.34,0,1,1
96961,87224.664,1,1,1
82015,60000,1,1,1
83360,31333.334,0,0,0
89965,72083.336,0,1,0
21847,101666.66,0,1,1
63214,37500,0,0,1
53072,48333.332,1,1,1
90180,123333.34,0,0,0
100000,21000,1,0,1
96780,96666.664,0,0,1
90598,64666.668,0,0,0
85526,52400,1,1,1
66282,37666.668,1,1,1
35834,24000,0,1,0
95023,29000,0,0,1
85077,93333.336,1,1,1
17620,36000,1,0,0
22038,106333.34,0,1,1
99651,66666.664,1,1,1
79688,102500,1,1,1
96841,26000,1,1,1
83458,72500,1,1,1
72880,66333.336,0,1,1
70305,49666.668,0,1,1
77774,199508.33,0,1,0
92661,67000,0,0,0
39558,42500,0,1,1
46168,45666.668,1,0,0
69103,7000,0,0,0
98782,78000,1,0,0
21699,27000,0,0,1
76955,116666.66,1,1,1
57613,100000,1,1,1
43562,80000,1,1,1
42428,55000,0,1,0
87388,38333.332,0,1,1
68350,53333.332,1,1,1
78152,36666.668,1,1,1
43565,49066.668,1,1,1
23921,46666.668,0,0,0
57614,69666.664,1,0,0
96904,75000,1,1,1
76009,61666.668,0,1,1
70807,63000,0,0,0
78235,70000,0,1,0
90412,106500,1,1,0
27965,53666.668,1,1,0
91026,,1,1,0
93295,120000,1,1,0
88931,120666.66,1,1,1
53753,98333.336,0,1,1
92921,67500,1,1,1
96704,119666.66,1,1,1
58241,35166.668,0,0,0
14912,,0,0,0
54543,,0,1,0
96832,,1,1,1
69345,67500,0,0,0
97634,27390,1,1,0
84294,62666.668,0,1,0
78872,43666.668,0,1,1
97445,,1,0,0
92368,52666.668,1,0,0
90668,155547,1,1,1
74898,81666.664,0,1,1
66086,100000,0,1,1
14925,47666.668,0,1,0
92395,21326.666,1,1,1
78656,,0,1,1
91153,89000,1,1,1
43085,52500,0,1,0
68426,235884,0,1,1
97527,37666.668,1,1,1
98329,37500,0,1,0
80291,49333.332,0,0,1
87654,41333.332,0,1,1
77680,67333.336,0,1,0
90532,49000,0,0,0
74656,49500,1,1,0
99610,90333.336,1,1,1
97655,70333.336,1,1,1
77697,67000,0,0,0
47030,50000,1,1,1
92056,82333.336,0,1,0
88685,101666.66,0,1,1
62480,67333.336,1,0,0
74288,88333.336,0,1,1
64023,100666.66,0,1,1
79314,26000,1,0,0
47308,72500,0,0,1
49724,84500,1,0,0
72445,56333.332,0,1,1
89196,57496.5,0,1,1
58603,15000,0,0,0
59023,58333.332,1,1,0
100000,67687,0,1,1
97690,,0,0,0
80121,74846.664,0,0,1
66812,48333.332,1,1,0
91806,59000,1,1,1
97433,258992,1,1,1
70407,192841.67,0,1,1
19952,44833.332,1,0,0
79494,62500,0,0,1
77092,68000,0,0,1
48465,,1,0,1
78416,111333.34,0,0,0
92833,48166.668,0,1,1
86272,199508.33,1,1,0
68397,80500,1,1,1
67580,60000,0,1,1
68704,91333.336,0,1,1
97072,61666.668,0,1,1
93516,53000,1,0,0
85451,68333.336,0,1,0
87070,33449,0,0,1
70024,,0,0,0
55390,39500,1,1,1
94819,282167.5,1,1,1
100000,103666.66,1,1,1
87645,,0,0,1
100000,85000,1,1,1
55597,35333.332,1,0,0
68930,53333.332,0,0,0
57113,83766.664,0,0,1
48068,202841.67,0,1,1
44386,,0,0,0
85189,25000,1,1,1
26323,,1,1,0
71105,94666.664,1,1,1
74931,,1,1,1
62433,58500,0,1,1
72091,,0,0,0
62016,176175,0,0,1
99608,120000,1,1,1
91499,,1,1,1
76618,55000,1,1,1
85093,89000,0,1,1
79761,78000,0,1,1
71565,71666.664,0,1,1
69272,33000,0,0,0
23729,33500,0,0,0
69353,39333.332,1,1,1
32258,50000,0,0,0
46282,600,0,0,0
39677,65000,0,0,0
67110,14713.333,1,1,1
99515,47174.668,1,1,1
35961,31000,0,0,1
42451,167942,0,1,1
94782,111000,0,1,1
97787,34666.668,0,1,1
90479,86666.664,0,1,1
63572,73000,0,1,1
84611,76666.664,0,1,1
87382,90000,0,1,1
18904,,0,1,1
22289,59333.332,0,0,0
96007,92500,0,1,1
49691,,0,0,0
73934,66000,0,1,1
66240,37350,0,0,1
46865,70000,0,0,0
90605,65872.664,1,1,1
75222,74000,0,0,1
85574,86666.664,1,0,1
71146,81666.664,0,1,0
5799,33000,0,1,1
99166,188111.67,0,1,1
64993,100000,1,1,1
62720,56000,1,1,1
60471,40000,0,0,0
60604,22666.666,1,0,1
28738,44000,0,0,0
62278,,0,1,1
73770,35000,0,1,0
94536,258992,0,0,0
97499,218364,1,1,1
89556,90000,0,0,0
98597,24666.666,0,0,0
87586,51000,0,0,1
93254,28333.334,0,0,1
83592,,0,0,1
85497,68000,0,1,1
58190,91333.336,0,1,1
73085,,0,1,1
88323,209778.33,0,1,1
90799,127000,0,1,1
91889,,0,1,1
14531,44333.332,0,0,0
65037,85000,1,1,1
89207,52606,1,1,1
28894,18733.334,0,0,1
99656,,0,0,0
33802,67500,0,1,1
88940,52666.668,0,1,1
90820,13333.333,0,1,0
74688,34666.668,1,1,1
64763,88333.336,1,0,0
12919,36000,0,0,0
31240,43714.332,0,0,1
98744,150880.33,1,1,1
21859,55666.668,0,0,0
87121,60000,0,1,1
45835,83333.336,1,1,1
66508,31000,0,0,0
50727,114666.66,0,0,0
69915,152942,0,0,0
74050,,1,1,1
89321,231445,0,1,1
45519,258992,0,0,1
71226,47000,1,1,1
23069,199508.33,1,1,1
32655,56000,0,0,1
50379,64666.668,0,1,1
44460,59666.668,1,1,1
58170,118500,1,1,1
98665,31333.334,1,1,1
59384,53333.332,0,0,0
48583,46000,1,0,1
93339,74666.664,0,1,1
98818,86666.664,0,1,1
88892,160880.33,1,1,1
86862,105000,1,1,1
54168,27000,1,0,1
40120,58333.332,0,0,0
92129,120000,1,1,1
88111,53000,0,1,1
95695,94000,1,1,1
67764,258992,1,1,1
72417,,0,1,1
30537,,0,1,1
26253,,0,0,0
78584,,0,0,1
57244,42666.668,0,0,0
85212,77000,1,0,1
59470,,0,0,0
93668,38000,0,0,0
79383,,1,1,1
67176,15000,0,1,1
83918,40000,0,1,0
74795,63666.668,0,0,1
65808,126666.66,0,0,0
69506,50000,0,0,1
91661,129333.34,1,0,1
65135,37500,0,0,1
82038,60000,1,1,1
31974,62500,0,1,1
28553,,0,0,0
75910,58666.668,0,1,1
85931,77833.336,0,0,1
68893,63333.332,1,1,1
57986,33333.332,1,1,1
76262,65166.668,0,1,1
61613,,0,1,1
90539,,0,1,1
72158,,0,0,0
17881,30000,0,0,0
94502,42666.668,0,1,1
60706,52333.332,0,0,0
95707,69333.336,0,1,1
9221,45000,0,0,0
85713,121333.34,1,1,0
70011,58000,0,0,1
13882,,0,0,1
70496,35500,0,0,1
38487,65666.664,0,0,0
89749,58333.332,0,1,0
98010,176817,1,0,0
5653,25000,0,0,1
69099,42000,0,0,1
32051,39333.332,0,0,0
93197,61000,0,1,1
91167,47000,0,1,1
80478,,0,0,0
36408,24666.666,0,0,0
72386,26666.666,0,1,1
99296,67000,1,1,0
88964,63333.332,0,0,0
84913,,0,1,1
45561,85000,1,1,1
95276,282167.5,1,1,0
81914,56333.332,1,1,0
41692,58333.332,0,0,0
31636,46000,0,1,0
76716,89000,0,0,1
97100,110000,0,1,1
82439,120000,0,1,1
61733,13250,0,0,0
37429,80333.336,0,0,0
60022,,0,0,0
82357,21666.666,0,0,0
86453,227111.67,0,1,1
56876,71666.664,1,1,1
84504,87666.664,0,0,0
92602,51333.332,1,1,1
58604,89333.336,0,0,0
74177,44666.668,0,1,0
83625,,1,1,1
21256,30000,0,0,0
68903,47333.332,0,0,1
48252,55333.332,0,0,0
82978,168628,1,1,0
79078,97000,0,1,0
99339,55666.668,1,1,1
89615,170880.33,1,1,1
67207,187150.33,1,1,1
5465,20000,0,0,1
68961,75000,0,1,0
79171,75666.664,0,1,0
74215,51233.332,0,0,0
57236,66333.336,0,1,1
90887,57500,1,1,1
84093,45666.668,0,0,0
81571,125333.34,1,0,1
96532,32000,1,1,1
82532,32000,1,1,1
95219,98333.336,0,1,1
83831,,1,0,0
93614,89333.336,0,1,0
52248,21666.666,0,1,0
81259,45333.332,0,1,1
77112,66666.664,0,1,1
98216,109000,0,1,1
99676,96333.336,0,1,1
93986,14500,0,0,1
42883,72333.336,0,0,0
77643,30433.334,0,0,0
32301,71333.336,0,0,0
46246,65000,0,1,0
64181,28333.334,0,1,1
38432,28500,0,1,1
37179,51000,0,1,1
29243,47333.332,0,1,0
29248,12833.333,0,1,1
84858,88949,0,1,0
83369,132500,0,1,1
39320,,1,1,1
81029,18000,0,1,1
27000,73000,0,1,1
52433,,0,1,1
8705,24500,1,1,1
52157,45000,0,1,1
94363,47666.668,0,1,1
84232,258992,0,1,0
59867,151320.5,0,0,0
95341,71333.336,0,1,1
77427,40666.668,0,0,0
89089,50000,0,0,1
67652,133666.67,0,1,1
76958,47666.668,0,1,1
76783,39333.332,0,1,1
51863,101666.66,0,0,0
58334,66666.664,0,1,0
24876,46666.668,0,0,0
50869,51666.668,0,0,0
46271,,0,0,0
100000,32800,1,1,1
95655,88333.336,0,1,1
95112,20000,1,1,1
40458,70000,1,1,1
98151,5000,0,1,0
86691,85000,1,1,0
16113,65000,0,0,0
28185,44000,0,1,1
96497,34416.668,1,1,1
53504,42396,0,1,1
78973,0,0,1,1
22722,15000,0,0,0
73848,70000,1,0,0
59571,258992,0,0,0
97784,16666.666,1,1,1
84582,71333.336,1,0,0
84844,,1,0,1
99184,41666.668,0,1,1
88357,,0,1,1
82600,123333.34,0,0,1
31388,31666.666,1,0,0
85854,128333.34,0,0,1
30796,30000,1,0,0
89261,92000,1,1,1
79890,70000,0,1,1
89380,104000,1,1,1
33212,58333.332,1,0,0
72105,74000,0,1,1
34419,55000,0,0,0
96906,151880.33,0,1,1
48138,44666.668,0,0,0
52219,36666.668,0,1,1
98261,65000,1,0,1
37775,51750,1,1,1
73210,75666.664,0,1,1
62617,65000,1,1,1
89008,96166.664,1,1,0
92098,13333.333,0,0,1
95580,258992,1,1,1
98327,122500,1,1,1
49221,119004,0,1,1
95930,25333.334,0,1,1
91591,32500,1,1,1
100000,68000,1,1,1
54946,92000,0,0,0
68012,42000,1,0,0
85126,108339.66,0,1,1
82847,67333.336,1,1,1
81610,70000,1,0,0
93080,37500,0,0,0
55194,71500,0,0,1
68585,32500,0,0,1
55872,70000,0,1,1
78712,35042.5,0,0,0
71536,95500,1,1,0
71171,113000,0,0,1
24335,25500,0,0,0
84766,73333.336,0,0,0
29173,46000,0,0,0
74510,61500,0,0,0
79870,34666.668,0,0,0
77125,80000,0,0,1
90300,61666.668,0,0,0
63870,51333.332,0,0,0
72410,42333.332,0,1,0
29230,62666.668,0,0,0
54739,46000,0,0,1
79886,98000,1,1,0
87609,49666.668,1,0,0
90480,29666.666,0,0,1
73189,59333.332,0,1,0
62563,28666.666,1,1,1
96742,33000,0,0,1
86988,95333.336,1,0,1
14911,46666.668,0,0,1
48620,214778.33,1,1,1
97469,51000,1,1,1
99641,62333.332,0,1,1
9783,,0,0,1
54210,32000,0,0,1
78687,55733.332,0,1,0
72721,86000,0,0,0
61145,54500,0,0,0
75354,56000,1,0,0
80326,,0,0,1
41298,,0,0,1
6386,26333.334,0,1,1
44247,46333.332,1,0,1
93459,35000,0,1,1
93817,101000,1,1,1
18616,24000,0,1,1
95919,82500,0,1,0
41152,71666.664,0,0,0
97369,96124.336,1,1,1
77097,125000,0,0,0
70813,120000,1,0,1
40428,63333.332,0,0,1
93715,24333.334,0,0,0
74335,82666.664,0,1,1
90283,48333.332,1,0,1
97843,61000,0,1,1
76635,36000,0,1,0
22164,7000,0,0,0
53166,116666.66,1,0,0
49666,41000,0,0,1
78023,66666.664,0,0,1
91950,49833.332,1,1,1
51463,38111,0,1,0
84880,12000,1,1,1
77961,67666.664,1,1,1
57944,,1,1,1
82761,81666.664,0,1,1
42699,39333.332,0,1,1
89868,62500,0,1,1
18182,44000,1,1,1
78271,52500,1,0,0
52789,36500,1,0,1
97965,165628,0,1,1
88299,82000,1,0,0
52689,31000,1,0,0
71055,60000,0,0,1
73382,106533.34,0,1,1
65715,270546,0,0,0
76190,,0,1,0
85846,26333.334,0,1,1
58753,58333.332,0,1,0
45865,48000,0,1,1
58951,120000,0,0,1
79681,120000,1,0,1
43557,110547,0,0,0
65459,56666.668,0,0,0
74488,30333.334,1,1,0
87807,60333.332,0,0,0
64555,108833.34,1,1,0
14298,75000,0,0,0
70471,80000,0,0,0
58470,48666.668,1,0,0
99351,224262.5,0,1,1
84039,258992,1,0,1
35476,71666.664,0,0,1
82412,5750,0,1,0
39130,52500,0,1,0
28442,20000,0,1,0
87199,25166.666,0,0,0
80575,39333.332,0,0,0
95999,60333.332,0,1,0
27716,49000,0,1,0
97379,258992,0,1,0
88631,52333.332,0,1,0
60757,65333.332,0,0,0
41945,36666.668,1,0,0
87024,36666.668,0,0,1
77177,96000,0,1,0
68093,40500,0,0,0
58083,33666.668,0,0,0
93435,46666.668,0,1,1
60376,68333.336,0,1,1
27370,42500,0,1,0
65948,5000,1,1,1
47018,81000,0,0,1
93884,161961.33,0,0,0
62984,86666.664,0,0,0
51604,21560,0,0,0
30252,46666.668,0,0,1
86409,81000,0,1,1
58798,73333.336,0,1,1
75420,5500,1,1,1
38040,79000,0,0,1
94121,50000,1,0,0
75514,35000,1,1,0
65092,58333.332,0,1,1
80844,,0,1,1
97131,101000,0,0,0
57064,85333.336,0,1,1
95312,98000,1,0,1
60467,36333.332,0,1,1
64220,110000,0,0,1
40193,191175,0,1,1
24088,63000,0,0,0
62671,37000,1,0,0
30261,117500,0,0,0
32471,49000,0,1,0
23181,21000,1,0,0
19438,72500,1,0,0
9399,34333.332,1,0,0
44597,44000,0,0,0
77568,79333.336,0,1,0
79098,17166.666,0,1,1
79187,161294.67,0,1,1
17732,25000,0,0,0
98003,37333.332,1,1,1
65691,221445,0,0,0
19507,105000,0,0,0
79260,56666.668,0,0,0
91624,86333.336,0,1,1
64904,,0,1,1
40468,,1,1,0
92771,91333.336,1,1,1
66165,80666.664,0,0,0
45016,150000,1,0,0
62240,39000,0,0,1
29817,79666.664,0,0,0
37216,97000,1,0,1
75587,52500,0,0,0
86810,43800,0,1,1
91283,21950,1,1,1
86317,32500,0,1,1
92548,45000,0,1,1
78405,40666.668,0,0,1
90491,60000,0,1,1
94485,114333.34,0,1,1
85565,150442,1,1,1
45853,43000,0,0,1
18831,,0,0,0
88353,,0,1,1
84090,58000,0,0,1
88671,23333.334,0,1,1
78513,158828,1,1,1
66515,91666.664,0,1,1
80845,45000,1,1,1
54396,58333.332,0,1,1
63756,,0,1,1
97542,184483.67,1,1,1
32800,42500,0,0,0
58540,42000,0,1,1
82402,54333.332,0,1,1
96663,36500,1,1,0
56285,77500,1,1,0
38166,100000,0,1,1
49995,76666.664,1,0,0
28098,105000,0,0,1
85880,121666.66,0,1,1
80697,105000,0,1,1
20708,17666.666,1,0,0
77356,98333.336,0,0,0
25160,50000,0,1,0
87381,70666.664,1,1,1
53021,31000,0,1,1
61242,328451,0,0,1
98824,32500,1,0,1
54790,63333.332,1,0,1
8524,220364,0,0,1
82149,,0,0,0
86211,88333.336,1,0,0
90068,35000,0,0,0
97131,67333.336,1,0,0
59720,,1,0,0
86787,135000,0,1,1
32867,59000,0,0,1
92297,,0,0,1
46528,76666.664,0,1,1
51911,67333.336,0,0,1
49174,45333.332,0,1,1
8395,38000,0,1,1
56891,45000,0,0,0
86559,58000,0,1,0
94337,181961.33,1,1,0
53508,32000,1,0,0
42130,43500,0,0,0
29864,61333.332,0,1,0
0,102500,1,0,0
87816,76333.336,0,0,0
94693,110000,1,1,1
27267,39333.332,1,0,0
56012,130000,0,0,0
45352,41666.668,0,0,1
39812,65333.332,1,0,1
76679,27500,0,0,0
75903,47500,0,0,0
13673,65333.332,0,1,0
51461,49066.668,0,0,0
72896,31000,0,1,0
59096,85000,0,0,1
20693,75000,0,0,0
29738,31500,1,0,1
48502,6614,0,1,0
27822,36000,0,0,0
31938,,0,0,0
36052,115000,0,0,1
23708,81000,0,0,1
30288,15500,1,0,1
60980,100000,0,1,1
33469,,1,0,0
77934,,0,1,1
73939,,1,1,1
37031,15000,0,0,0
17527,65500,1,0,0
83005,113000,1,0,0
67766,70000,0,1,0
22860,50000,0,0,0
19986,50000,1,0,0
42392,40000,0,0,1
49003,61666.668,0,0,0
74940,,0,0,1
24878,123000,0,1,1
83453,45333.332,0,0,0
59360,31666.666,1,1,1
53481,61333.332,0,0,0
30864,49666.668,0,0,1
54440,33000,1,0,1
96437,91666.664,0,0,0
41365,62500,0,0,0
79338,58500,0,0,0
72074,56000,0,0,0
80527,80666.664,0,1,1
61468,101000,0,1,1
16630,19500,0,0,1
38998,48000,0,1,1
30098,16000,1,1,1
18997,33666.668,1,1,0
42822,53333.332,1,0,0
42741,,0,1,1
47372,58500,0,1,1
42198,,0,1,1
66306,33266.668,0,0,0
12671,31666.666,0,0,0
15582,27666.666,0,0,0
88045,63333.332,0,0,1
48747,270546,0,1,1
12558,140000,0,0,0
19465,37000,0,0,1
41915,43500,0,0,0
35292,15000,0,0,0
7219,59666.668,1,1,1
24340,49000,0,1,1
16392,50000,0,0,0
38142,,0,0,0
33620,66666.664,1,0,0
63176,52500,0,0,0
23540,,0,0,0
16908,61666.668,0,0,0
37240,,0,0,0
49544,,0,0,0
31842,,0,1,1
17888,22000,0,0,0
47759,60000,0,0,1
39539,35333.332,0,0,1
27897,29333.334,1,1,0
53996,,0,0,0
90189,39792,0,0,0
56092,20382,0,0,0
97402,,1,1,1
47190,74000,0,0,1
69604,,0,1,1
19437,42500,1,0,0
25273,36666.668,0,0,1
47265,45333.332,0,0,1
31727,30333.334,0,0,0
34780,51000,1,0,0
55244,73333.336,1,0,0
28634,40666.668,1,0,0
77742,65000,0,0,0
8453,50000,0,0,0
87585,101666.66,0,1,0
31159,56000,0,1,1
74012,32400,0,1,1
24899,32500,0,0,1
33796,21666.666,0,1,1
29698,81000,0,0,0
48523,45500,0,0,0
8578,31000,0,0,0
26175,,0,0,0
16420,39333.332,0,0,0
91113,58666.668,1,1,1
27322,56500,0,0,1
46931,44199.332,1,0,0
26243,43500,0,0,0
40864,63333.332,0,1,1
66274,,0,0,0
20424,32666.666,0,0,0
42635,58166.668,1,0,0
27904,66166.664,1,0,0
35626,39000,0,1,1
23798,40000,0,1,0
63433,258992,1,0,1
54179,33333.332,0,0,0
23679,67333.336,1,0,0
38435,36666.668,0,1,1
59484,27000,0,0,0
85028,66666.664,0,0,0
53384,15673.333,0,1,1
85949,75000,0,1,1
88466,40333.332,1,0,1
70010,67333.336,0,0,0
48895,67500,1,0,1
21140,20666.666,0,0,1
95027,126166.66,0,1,1
6046,25000,0,0,0
89427,42500,0,0,0
37008,25666.666,0,0,0
66286,80000,0,0,0
45468,58000,0,0,0
46848,29000,0,0,1
37987,39333.332,1,0,0
97578,45666.668,1,0,1
95621,78000,0,0,1
35540,103333.34,0,0,0
41596,56000,0,1,1
79405,36000,1,0,0
37633,23333.334,1,0,0
48972,76000,0,0,1
11555,40000,0,0,0
29784,40698.332,1,0,0
80476,30000,0,1,1
22699,135000,0,0,0
18727,22500,0,0,1
69719,78000,1,0,0
50367,44000,1,1,1
88603,59333.332,0,0,0
22618,90000,0,1,1
94609,128333.34,1,1,1
49777,26500,0,0,0
27548,62000,0,0,0
65428,,0,0,0
88622,62333.332,0,1,1
42173,,0,0,1
13075,35333.332,1,0,0
60778,231445,0,1,1
65183,,0,1,1
46982,40333.332,0,1,1
76141,42433.332,0,1,1
35592,150000,0,1,0
33815,63333.332,1,1,0
64417,68666.664,0,1,0
37845,101000,0,0,1
46521,,1,1,1
48438,49333.332,0,0,0
85057,54000,0,0,0
52043,75000,0,0,0
76268,,0,0,0
56870,,0,1,1
51240,66000,0,1,1
76257,18333.334,1,0,1
56356,49333.332,0,0,0
22891,77164.664,0,0,1
93146,,0,1,1
84276,258992,1,1,1
87167,55666.668,0,0,1
67413,46000,0,0,1
68444,,1,1,1
51588,,0,1,1
2135,33000,0,1,0
93708,50000,0,1,1
15283,25500,0,0,0
28236,40000,0,0,0
71393,135000,0,0,0
27785,31666.666,0,1,0
61580,44000,0,0,1
